﻿<?xml version="1.0" encoding="utf-8" standalone="no" ?>
<modDesc descVersion="42">
	<author>MaxAgriSim</author>
	<title>
		<en>Financial Manager</en>
	</title>
	<description>
		<en><![CDATA[
A userinterface for managing financials in multi-player and dedicated server mode.
]]></en>
	</description>
	<multiplayer supported="true"/>   
	<iconFilename>images/fmStoreIcon.dds</iconFilename>
	<version>0.0.0.1</version>
	<l10n filenamePrefix="modDesc_l10n">
		<text name="fmVersion">
			<en>FinancialManager 0.0.0.1</en>
		</text>
	</l10n>
	
	<actions>
		<action name="fmSettings"  category="?"/>
	</actions>
	<inputBinding>
		<actionBinding action="fmSettings">	
			<binding device="KB_MOUSE_DEFAULT" input="KEY_lctrl KEY_f"      axisComponent="+" inputComponent="+" index="1"/>
		</actionBinding>	
	</inputBinding>
	
<!--
	<extraSourceFiles>
		<sourceFile filename="keyboardSteerMogli.lua" />
		<sourceFile filename="keyboardSteerMogliScreen.lua" />
		<sourceFile filename="register.lua" />
	</extraSourceFiles>
-->   
</modDesc>
