<?xml version="1.0" encoding="utf-8" standalone="no" ?>
<GUI onOpen="onOpen" onClose="onClose" onCreate="onCreate">
	<GuiElement type="bitmap" profile="uiFullInGameBackground" />
	<GuiElement name="background" type="bitmap" position="1450px 500px" size="231px 231px" MOD_imageDir="images/" MOD_imageFilename="fmIcon.dds"/>
	<!-- screenAlign="middleCenter" positionOrigin="middleCenter" -->

	<!-- Header  -->
	<GuiElement type="empty" profile="ingameMenuFrameHeaderPanel" position="130px -130px">
		<GuiElement type="bitmap" profile="ingameMenuGeneralSettingsHeaderIcon" position="0px 0px"/>
		<GuiElement type="text" profile="ingameMenuFrameHeaderText" position="80px 0px" onCreate="onCreatefmGuiHeader" text="$l10n_fmHomeScreenTitle"/>
	</GuiElement>

	<!-- Body -->	
	<GuiElement type="empty" profile="ingameMenuSettingsBox" position="130px -200px">		
		<!-- <GuiElement type="text" profile="ingameMenuHelpRowText" id="TextField" onCreate="onCreateonCreatefmGuiInvoice" position="50px 100px" size="512px 512px" /> -->
		<GuiElement type="text" profile="ingameMenuHelpRowText" id="TextField" onCreate="onCreatefmGuiInvoice" text="$l10n_fmHomeScreenInvoice" />
	</GuiElement>

	<!-- Bottom with button "ok"  -->
	<GuiElement type="flowLayout" profile="buttonBoxDocked" screenAlign="bottomLeft" positionOrigin="bottomLeft" position="130px 77px" id="buttonsPC">
		<GuiElement type="button" profile="buttonOK" text="$l10n_button_ok" onClick="onClickOk" />	
	</GuiElement>	
</GUI>