﻿<?xml version="1.0" encoding="utf-8" standalone="no" ?>
<modDesc descVersion="42">

	<author>MaxAgriSim</author>
	<title>
		<en>Financial Manager</en>
		<nl>Financial Manager</nl>
	</title>
	<description>
		<en><![CDATA[
A userinterface for managing financials in multi-player and dedicated server mode.
]]></en>		
		<nl><![CDATA[
	Een gebruikersinterface om het financiele gedeelte voor het huren van voertuigen onder spelers af te handelen in multi-player en dedicated server modus.
]]></nl>
	</description>
	<multiplayer supported="false"/>   
	<iconFilename>images/fmStoreIcon.dds</iconFilename>
	<version>0.0.0.1</version>
	<l10n filenamePrefix="modDesc_l10n">
		<text name="fmVersion">
			<en>FinancialManager 0.0.0.1</en>
			<nl>FinancialManager 0.0.0.1</nl>	
		</text>
	</l10n>
	
	<actions>
		<action name="fmHomeScreen" category="ONFOOT" />
	</actions>
	<inputBinding>
		<actionBinding action="fmHomeScreen">	
			<binding device="KB_MOUSE_DEFAULT" input="KEY_lctrl KEY_c"      axisComponent="+" inputComponent="+" index="1"/>
		</actionBinding>	
	</inputBinding>
	
	<extraSourceFiles>
		<sourceFile filename="scripts/fmMain.lua" />
	</extraSourceFiles>
  
</modDesc>